provider_code,region,trust_name,type_1_ae_attendances,type_2_ae_attendances,type_3_ae_attendances,total_ae_attendances,seen_4_hours,type_2_seen_4_hours,type_3_seen_4_hours,4hrs_from_arrival,ae_attendances_greater_than_4_hours_from_arrival_to_admission_transfer_or_discharge,type_1_admissions,type_2_admissions,type_3_admissions,_seen_4_hours,admissions_4hrs_from_decision,admissions_12hrs_from_decision,other_emergency_admissions,total_emergency_admissions,elective_admissions,cancelled_elective_admissions,delayed_transfers,bed_days,staff_shortages,covid_admissions
RC9,NHS England East Of England ,Bedfordshire Hospitals NHS Foundation Trust,17026.0,0.0,9599.0,26625.0,9553.0,0.0,9599.0,19152.0,7473.0,0.0,0.0,7473.0,0.7193239436619718,0.5610830494537766,-,1,4678.0,0.0,0.0,4678.0,2325.0,7003.0,9.0
RGT,NHS England East Of England ,Cambridge University Hospitals NHS Foundation Trust,11282.0,0.0,6535.0,17817.0,6325.0,0.0,6400.0,12725.0,4957.0,0.0,135.0,5092.0,0.7142055340405231,0.5606275483070378,-,0.9793420045906657,2764.0,0.0,35.0,2799.0,436.0,3235.0,1030.0
RWH,NHS England East Of England ,East And North Hertfordshire NHS Trust,9225.0,0.0,8769.0,17994.0,4618.0,0.0,8660.0,13278.0,4607.0,0.0,109.0,4716.0,0.7379126375458486,0.5005962059620597,-,0.987569848329342,2849.0,0.0,3.0,2852.0,228.0,3080.0,407.0
RDE,NHS England East Of England ,East Suffolk And North Essex NHS Foundation Trust,13117.0,0.0,15563.0,28680.0,7469.0,0.0,15008.0,22477.0,5648.0,0.0,555.0,6203.0,0.7837168758716876,0.569413737897385,-,0.9643384951487503,6306.0,0.0,386.0,6692.0,1212.0,7904.0,1709.0
RY4,NHS England East Of England ,Hertfordshire Community NHS Trust,0.0,0.0,1223.0,1223.0,0.0,0.0,1185.0,1185.0,0.0,0.0,38.0,38.0,0.9689288634505316,-,-,0.9689288634505315,0.0,0.0,0.0,0.0,0.0,0.0,0.0
DT301,NHS England East Of England ,Herts Urgent Care (Ascots Lane),0.0,0.0,2413.0,2413.0,0.0,0.0,2289.0,2289.0,0.0,0.0,124.0,124.0,0.9486116866970576,-,-,0.9486116866970576,0.0,0.0,0.0,0.0,0.0,0.0,0.0
RGP,NHS England East Of England ,James Paget University Hospitals NHS Foundation Trust,7416.0,0.0,1608.0,9024.0,4086.0,0.0,1608.0,5694.0,3330.0,0.0,0.0,3330.0,0.6309840425531915,0.5509708737864077,-,1,1676.0,0.0,0.0,1676.0,504.0,2180.0,1039.0
RAJ,NHS England East Of England ,Mid And South Essex NHS Foundation Trust,31805.0,0.0,3966.0,35771.0,20223.0,0.0,3655.0,23878.0,11582.0,0.0,311.0,11893.0,0.6675239719325711,0.6358434208457789,-,0.921583459404942,8531.0,0.0,174.0,8705.0,1285.0,9990.0,3182.0
RD8,NHS England East Of England ,Milton Keynes University Hospital NHS Foundation Trust,9251.0,0.0,5488.0,14739.0,5878.0,0.0,5096.0,10974.0,3373.0,0.0,392.0,3765.0,0.7445552615509872,0.6353907685655604,-,0.9285714285714286,2260.0,0.0,0.0,2260.0,446.0,2706.0,897.0
RM1,NHS England East Of England ,Norfolk And Norwich University Hospitals NHS Foundation Trust,12804.0,0.0,8381.0,21185.0,8937.0,0.0,8381.0,17318.0,3867.0,0.0,0.0,3867.0,0.817465187632759,0.6979850046860356,-,1,2482.0,0.0,0.0,2482.0,1599.0,4081.0,1169.0
RGN,NHS England East Of England ,North West Anglia NHS Foundation Trust,15288.0,0.0,5141.0,20429.0,8776.0,0.0,4930.0,13706.0,6512.0,0.0,211.0,6723.0,0.6709090019090509,0.5740450026164312,-,0.9589574012837969,3714.0,0.0,32.0,3746.0,1592.0,5338.0,1371.0
Y02428,NHS England East Of England ,Putnoe Walk In Centre,0.0,0.0,3139.0,3139.0,0.0,0.0,3139.0,3139.0,0.0,0.0,0.0,0.0,1.0,-,-,1,0.0,0.0,0.0,0.0,0.0,0.0,0.0
RQW,NHS England East Of England ,The Princess Alexandra Hospital NHS Trust,8544.0,0.0,2796.0,11340.0,5070.0,0.0,2796.0,7866.0,3474.0,0.0,0.0,3474.0,0.6936507936507936,0.5933988764044944,-,1,1795.0,0.0,0.0,1795.0,277.0,2072.0,490.0
RCX,NHS England East Of England ,"The Queen Elizabeth Hospital, King's Lynn, NHS Foundation Trust",6746.0,0.0,1246.0,7992.0,3561.0,0.0,1246.0,4807.0,3185.0,0.0,0.0,3185.0,0.6014764764764765,0.5278683664393715,-,1,1909.0,0.0,0.0,1909.0,373.0,2282.0,413.0
RWG,NHS England East Of England ,West Hertfordshire Teaching Hospitals NHS Trust,8729.0,0.0,8460.0,17189.0,5801.0,0.0,8273.0,14074.0,2928.0,0.0,187.0,3115.0,0.8187794519751004,0.6645663879023943,-,0.9778959810874704,4279.0,0.0,0.0,4279.0,619.0,4898.0,847.0
RGR,NHS England East Of England ,West Suffolk NHS Foundation Trust,8292.0,0.0,798.0,9090.0,7237.0,0.0,798.0,8035.0,1055.0,0.0,0.0,1055.0,0.8839383938393839,0.8727689339122046,-,1,2117.0,0.0,0.0,2117.0,300.0,2417.0,284.0
G0Q0L,NHS England London,Barking Hospital Utc,0.0,0.0,2910.0,2910.0,0.0,0.0,2880.0,2880.0,0.0,0.0,30.0,30.0,0.9896907216494846,-,-,0.9896907216494846,0.0,0.0,0.0,0.0,0.0,0.0,0.0
RF4,NHS England London,"Barking, Havering And Redbridge University Hospitals NHS Trust",13687.0,2482.0,15017.0,31186.0,7483.0,2097.0,14866.0,24446.0,6204.0,385.0,151.0,6740.0,0.7838773808760341,0.5467231679696062,0.8448831587429493,0.9899447293067857,8016.0,0.0,0.0,8016.0,415.0,8431.0,1623.0
R1H,NHS England London,Barts Health NHS Trust,25830.0,973.0,18069.0,44872.0,14095.0,920.0,16790.0,31805.0,11735.0,53.0,1279.0,13067.0,0.708793902656445,0.5456833139759969,0.9455292908530318,0.9292157839393437,4556.0,0.0,46.0,4602.0,1117.0,5719.0,2232.0
AD913,NHS England London,Beckenham Beacon Ucc,0.0,0.0,4089.0,4089.0,0.0,0.0,4078.0,4078.0,0.0,0.0,11.0,11.0,0.9973098557104426,-,-,0.9973098557104426,0.0,0.0,0.0,0.0,0.0,0.0,0.0
RYX,NHS England London,Central London Community Healthcare NHS Trust,0.0,0.0,13349.0,13349.0,0.0,0.0,12933.0,12933.0,0.0,0.0,416.0,416.0,0.9688366169750544,-,-,0.9688366169750543,0.0,0.0,0.0,0.0,0.0,0.0,0.0
RQM,NHS England London,Chelsea And Westminster Hospital NHS Foundation Trust,20669.0,0.0,6486.0,27155.0,15316.0,0.0,6384.0,21700.0,5353.0,0.0,102.0,5455.0,0.7991161848646658,0.7410131114229038,-,0.9842738205365402,2869.0,0.0,0.0,2869.0,307.0,3176.0,988.0
RJ6,NHS England London,Croydon Health Services NHS Trust,13255.0,0.0,5119.0,18374.0,9966.0,0.0,5119.0,15085.0,3289.0,0.0,0.0,3289.0,0.8209970610645477,0.7518672199170124,-,1,1214.0,0.0,0.0,1214.0,118.0,1332.0,1005.0
RVR,NHS England London,Epsom And St Helier University Hospitals NHS Trust,11860.0,328.0,1530.0,13718.0,8420.0,328.0,1421.0,10169.0,3440.0,0.0,109.0,3549.0,0.7412888176118968,0.7099494097807757,1,0.9287581699346406,1911.0,3.0,0.0,1914.0,188.0,2102.0,959.0
RJ1,NHS England London,Guy's And St Thomas' NHS Foundation Trust,10247.0,727.0,7130.0,18104.0,6679.0,715.0,6931.0,14325.0,3568.0,12.0,199.0,3779.0,0.791261599646487,0.6518005269835073,0.9834938101788171,0.9720897615708275,2054.0,0.0,0.0,2054.0,220.0,2274.0,190.0
K6K0R,NHS England London,Harold Wood Polyclinic Utc,0.0,0.0,2364.0,2364.0,0.0,0.0,2359.0,2359.0,0.0,0.0,5.0,5.0,0.9978849407783418,-,-,0.9978849407783418,0.0,0.0,0.0,0.0,0.0,0.0,0.0
RQX,NHS England London,Homerton Healthcare NHS Foundation Trust,11231.0,0.0,0.0,11231.0,9304.0,0.0,0.0,9304.0,1927.0,0.0,0.0,1927.0,0.8284213338082094,0.8284213338082094,-,-,1842.0,0.0,0.0,1842.0,349.0,2191.0,228.0
RYJ,NHS England London,Imperial College Healthcare NHS Trust,12089.0,3928.0,7706.0,23723.0,6756.0,3883.0,7357.0,17996.0,5333.0,45.0,349.0,5727.0,0.7585887113771446,0.5588551575812722,0.9885437881873728,0.9547106151051129,3707.0,1.0,0.0,3708.0,1110.0,4818.0,1037.0
RJZ,NHS England London,King's College Hospital NHS Foundation Trust,15770.0,0.0,10720.0,26490.0,8967.0,0.0,10157.0,19124.0,6803.0,0.0,563.0,7366.0,0.721932804832012,0.5686112872542802,-,0.9474813432835821,3585.0,0.0,0.0,3585.0,366.0,3951.0,2367.0
RAX,NHS England London,Kingston And Richmond NHS Foundation Trust,7332.0,0.0,8910.0,16242.0,4061.0,0.0,8637.0,12698.0,3271.0,0.0,273.0,3544.0,0.7818002709025982,0.553873431533006,-,0.9693602693602693,2435.0,0.0,278.0,2713.0,322.0,3035.0,679.0
RJ2,NHS England London,Lewisham And Greenwich NHS Trust,15526.0,0.0,10605.0,26131.0,7392.0,0.0,9788.0,17180.0,8134.0,0.0,817.0,8951.0,0.6574566606712334,0.47610459873760147,-,0.9229608675153229,5027.0,0.0,0.0,5027.0,1262.0,6289.0,2172.0
R1K,NHS England London,London North West University Healthcare NHS Trust,14125.0,0.0,15651.0,29776.0,7801.0,0.0,15457.0,23258.0,6324.0,0.0,194.0,6518.0,0.7810988715744224,0.552283185840708,-,0.9876046259024982,6751.0,0.0,0.0,6751.0,336.0,7087.0,1001.0
RP6,NHS England London,Moorfields Eye Hospital NHS Foundation Trust,0.0,5789.0,0.0,5789.0,0.0,5697.0,0.0,5697.0,0.0,92.0,0.0,92.0,0.9841077906374158,-,0.9841077906374158,-,0.0,6.0,0.0,6.0,202.0,208.0,0.0
RAT,NHS England London,North East London NHS Foundation Trust,0.0,0.0,2006.0,2006.0,0.0,0.0,1931.0,1931.0,0.0,0.0,75.0,75.0,0.9626121635094717,-,-,0.9626121635094715,0.0,0.0,0.0,0.0,0.0,0.0,0.0
RAL,NHS England London,Royal Free London NHS Foundation Trust,25567.0,541.0,16868.0,42976.0,15715.0,535.0,15896.0,32146.0,9852.0,6.0,972.0,10830.0,0.7479988830975428,0.6146595220401299,0.988909426987061,0.942376096751245,4698.0,0.0,51.0,4749.0,779.0,5528.0,3040.0
RAN,NHS England London,Royal National Orthopaedic Hospital NHS Trust,0.0,0.0,0.0,0.0,0.0,0.0,0.0,0.0,0.0,0.0,0.0,0.0,,-,-,-,0.0,0.0,0.0,0.0,27.0,27.0,0.0
RJ7,NHS England London,St George's University Hospitals NHS Foundation Trust,9841.0,0.0,3515.0,13356.0,7656.0,0.0,3515.0,11171.0,2185.0,0.0,0.0,2185.0,0.8364031147050015,0.7779697185245402,-,1,2738.0,0.0,0.0,2738.0,793.0,3531.0,1181.0
RAS,NHS England London,The Hillingdon Hospitals NHS Foundation Trust,6236.0,0.0,6892.0,13128.0,3113.0,0.0,6836.0,9949.0,3123.0,0.0,56.0,3179.0,0.7578458257160268,0.4991982039769083,-,0.991874637260592,1883.0,0.0,0.0,1883.0,57.0,1940.0,835.0
Y03218,NHS England London,The Pinn Unregistered Wic,0.0,0.0,603.0,603.0,0.0,0.0,603.0,603.0,0.0,0.0,0.0,0.0,1.0,-,-,1,0.0,0.0,0.0,0.0,0.0,0.0,0.0
RRV,NHS England London,University College London Hospitals NHS Foundation Trust,13948.0,0.0,0.0,13948.0,10159.0,0.0,0.0,10159.0,3789.0,0.0,0.0,3789.0,0.7283481502724405,0.7283481502724405,-,-,1443.0,0.0,0.0,1443.0,276.0,1719.0,465.0
Y02147,NHS England London,Urgent Care Centre (Qms),0.0,0.0,8643.0,8643.0,0.0,0.0,8459.0,8459.0,0.0,0.0,184.0,184.0,0.9787110956843688,-,-,0.9787110956843689,0.0,0.0,0.0,0.0,0.0,0.0,0.0
RKE,NHS England London,Whittington Health NHS Trust,9282.0,0.0,0.0,9282.0,6682.0,0.0,0.0,6682.0,2600.0,0.0,0.0,2600.0,0.7198879551820728,0.7198879551820728,-,-,1364.0,0.0,0.0,1364.0,39.0,1403.0,339.0
NL7,NHS England Midlands ,Assura Vertis Urgent Care Centres (Birmingham),0.0,0.0,3164.0,3164.0,0.0,0.0,3164.0,3164.0,0.0,0.0,0.0,0.0,1.0,-,-,1,0.0,0.0,0.0,0.0,0.0,0.0,0.0
8J094,NHS England Midlands ,Badger Ltd,0.0,0.0,1438.0,1438.0,0.0,0.0,1438.0,1438.0,0.0,0.0,0.0,0.0,1.0,-,-,1,0.0,0.0,0.0,0.0,0.0,0.0,0.0
RQ3,NHS England Midlands ,Birmingham Women's And Children's NHS Foundation Trust,5330.0,0.0,0.0,5330.0,4674.0,0.0,0.0,4674.0,656.0,0.0,0.0,656.0,0.8769230769230769,0.8769230769230769,-,-,1091.0,0.0,0.0,1091.0,151.0,1242.0,7.0
RFS,NHS England Midlands ,Chesterfield Royal Hospital NHS Foundation Trust,7422.0,0.0,6913.0,14335.0,3661.0,0.0,6490.0,10151.0,3761.0,0.0,423.0,4184.0,0.708126961981165,0.4932632713554298,-,0.9388109359178359,2725.0,0.0,289.0,3014.0,696.0,3710.0,990.0
RYG,NHS England Midlands ,Coventry And Warwickshire Partnership NHS Trust,0.0,0.0,0.0,0.0,0.0,0.0,0.0,0.0,0.0,0.0,0.0,0.0,,-,-,-,0.0,0.0,3.0,3.0,71.0,74.0,0.0
RY8,NHS England Midlands ,Derbyshire Community Health Services NHS Foundation Trust,0.0,0.0,9607.0,9607.0,0.0,0.0,9478.0,9478.0,0.0,0.0,129.0,129.0,0.986572291037785,-,-,0.986572291037785,0.0,0.0,0.0,0.0,0.0,0.0,0.0
NNJ,NHS England Midlands ,Dhu Health Care C.I.C,0.0,0.0,2055.0,2055.0,0.0,0.0,2055.0,2055.0,0.0,0.0,0.0,0.0,1.0,-,-,1,0.0,0.0,0.0,0.0,0.0,0.0,0.0
Y03007,NHS England Midlands ,Erdington GP Health & Wellbeing Wic,0.0,0.0,1942.0,1942.0,0.0,0.0,1942.0,1942.0,0.0,0.0,0.0,0.0,1.0,-,-,1,0.0,0.0,0.0,0.0,0.0,0.0,0.0
RLT,NHS England Midlands ,George Eliot Hospital NHS Trust,7182.0,0.0,1690.0,8872.0,4262.0,0.0,1625.0,5887.0,2920.0,0.0,65.0,2985.0,0.6635482416591524,0.5934280144806461,-,0.9615384615384616,1093.0,0.0,0.0,1093.0,1.0,1094.0,791.0
RNQ,NHS England Midlands ,Kettering General Hospital NHS Foundation Trust,10604.0,0.0,8943.0,19547.0,6908.0,0.0,8769.0,15677.0,3696.0,0.0,174.0,3870.0,0.8020156545761498,0.6514522821576764,-,0.9805434417980543,1799.0,0.0,0.0,1799.0,294.0,2093.0,1304.0
C82038,NHS England Midlands ,Latham House Medical Practice,0.0,0.0,350.0,350.0,0.0,0.0,350.0,350.0,0.0,0.0,0.0,0.0,1.0,-,-,1,0.0,0.0,0.0,0.0,0.0,0.0,0.0
RY5,NHS England Midlands ,Lincolnshire Community Health Services NHS Trust,0.0,0.0,8775.0,8775.0,0.0,0.0,8525.0,8525.0,0.0,0.0,250.0,250.0,0.9715099715099716,-,-,0.9715099715099715,0.0,0.0,0.0,0.0,0.0,0.0,0.0
NNJ0H,NHS England Midlands ,Llr Ea - The Merlyn Vaz Health & Social Care Centre,0.0,0.0,2412.0,2412.0,0.0,0.0,2412.0,2412.0,0.0,0.0,0.0,0.0,1.0,-,-,1,0.0,0.0,0.0,0.0,0.0,0.0,0.0
NNJ07,NHS England Midlands ,Loughborough Urgent Care Centre,0.0,0.0,8172.0,8172.0,0.0,0.0,8144.0,8144.0,0.0,0.0,28.0,28.0,0.9965736661771905,-,-,0.9965736661771905,0.0,0.0,0.0,0.0,0.0,0.0,0.0
NNJ12,NHS England Midlands ,Market Harborough,0.0,0.0,581.0,581.0,0.0,0.0,581.0,581.0,0.0,0.0,0.0,0.0,1.0,-,-,1,0.0,0.0,0.0,0.0,0.0,0.0,0.0
C82009,NHS England Midlands ,Market Harborough Med.Ctr,0.0,0.0,315.0,315.0,0.0,0.0,315.0,315.0,0.0,0.0,0.0,0.0,1.0,-,-,1,0.0,0.0,0.0,0.0,0.0,0.0,0.0
NNJ13,NHS England Midlands ,Melton Mowbray,0.0,0.0,451.0,451.0,0.0,0.0,451.0,451.0,0.0,0.0,0.0,0.0,1.0,-,-,1,0.0,0.0,0.0,0.0,0.0,0.0,0.0
A5D4Q,NHS England Midlands ,Nems Utc,0.0,0.0,3681.0,3681.0,0.0,0.0,2217.0,2217.0,0.0,0.0,1464.0,1464.0,0.6022819885900571,-,-,0.6022819885900571,0.0,0.0,0.0,0.0,0.0,0.0,0.0
RNS,NHS England Midlands ,Northampton General Hospital NHS Trust,10470.0,527.0,2603.0,13600.0,6098.0,512.0,2335.0,8945.0,4372.0,15.0,268.0,4655.0,0.6577205882352941,0.5824259789875835,0.9715370018975332,0.8970418747598924,2348.0,0.0,0.0,2348.0,891.0,3239.0,1336.0
NR3,NHS England Midlands ,Nottingham Citycare Partnership,0.0,0.0,6067.0,6067.0,0.0,0.0,5346.0,5346.0,0.0,0.0,721.0,721.0,0.8811603758035272,-,-,0.8811603758035272,0.0,0.0,0.0,0.0,0.0,0.0,0.0
RX1,NHS England Midlands ,Nottingham University Hospitals NHS Trust,13574.0,1817.0,567.0,15958.0,6299.0,1735.0,426.0,8460.0,7275.0,82.0,141.0,7498.0,0.5301416217571124,0.4640489170472963,0.9548706659328564,0.7513227513227513,4380.0,184.0,0.0,4564.0,4583.0,9147.0,743.0
NNJ14,NHS England Midlands ,Oadby,0.0,0.0,3850.0,3850.0,0.0,0.0,3850.0,3850.0,0.0,0.0,0.0,0.0,1.0,-,-,1,0.0,0.0,0.0,0.0,0.0,0.0,0.0
NNJ15,NHS England Midlands ,Oakham,0.0,0.0,406.0,406.0,0.0,0.0,406.0,406.0,0.0,0.0,0.0,0.0,1.0,-,-,1,0.0,0.0,0.0,0.0,0.0,0.0,0.0
RXK,NHS England Midlands ,Sandwell And West Birmingham Hospitals NHS Trust,11907.0,1150.0,8616.0,21673.0,6952.0,1017.0,8288.0,16257.0,4955.0,133.0,328.0,5416.0,0.750103815807687,0.5838582346518855,0.8843478260869565,0.9619312906220984,2710.0,0.0,0.0,2710.0,543.0,3253.0,1050.0
RK5,NHS England Midlands ,Sherwood Forest Hospitals NHS Foundation Trust,11777.0,0.0,6260.0,18037.0,7839.0,0.0,5720.0,13559.0,3938.0,0.0,540.0,4478.0,0.7517325497588291,0.6656194276980555,-,0.9137380191693291,3904.0,0.0,2.0,3906.0,303.0,4209.0,542.0
R1D,NHS England Midlands ,Shropshire Community Health NHS Trust,0.0,0.0,3251.0,3251.0,0.0,0.0,3245.0,3245.0,0.0,0.0,6.0,6.0,0.9981544140264534,-,-,0.9981544140264534,0.0,0.0,0.0,0.0,0.0,0.0,0.0
C83023,NHS England Midlands ,Sleaford Medical Group,0.0,0.0,540.0,540.0,0.0,0.0,540.0,540.0,0.0,0.0,0.0,0.0,1.0,-,-,1,0.0,0.0,0.0,0.0,0.0,0.0,0.0
Y02615,NHS England Midlands ,South Birmingham GP Walk In Centre,0.0,0.0,7113.0,7113.0,0.0,0.0,7113.0,7113.0,0.0,0.0,0.0,0.0,1.0,-,-,1,0.0,0.0,0.0,0.0,0.0,0.0,0.0
RJC,NHS England Midlands ,South Warwickshire University NHS Foundation Trust,8483.0,0.0,378.0,8861.0,5751.0,0.0,378.0,6129.0,2732.0,0.0,0.0,2732.0,0.691682654327954,0.6779441235412,-,1,2303.0,0.0,0.0,2303.0,877.0,3180.0,521.0
NQTE4,NHS England Midlands ,Summerfield Urgent Care Centre,0.0,0.0,3151.0,3151.0,0.0,0.0,3151.0,3151.0,0.0,0.0,0.0,0.0,1.0,-,-,1,0.0,0.0,0.0,0.0,0.0,0.0,0.0
RNA,NHS England Midlands ,The Dudley Group NHS Foundation Trust,10115.0,0.0,5222.0,15337.0,7222.0,0.0,5123.0,12345.0,2893.0,0.0,99.0,2992.0,0.804916215687553,0.7139891250617895,-,0.981041746457296,3716.0,0.0,0.0,3716.0,2467.0,6183.0,2072.0
RL1,NHS England Midlands ,The Robert Jones And Agnes Hunt Orthopaedic Hospital NHS Foundation Trust,0.0,0.0,0.0,0.0,0.0,0.0,0.0,0.0,0.0,0.0,0.0,0.0,,-,-,-,0.0,0.0,0.0,0.0,0.0,0.0,0.0
RL4,NHS England Midlands ,The Royal Wolverhampton NHS Trust,13055.0,0.0,9481.0,22536.0,9122.0,0.0,9267.0,18389.0,3933.0,0.0,214.0,4147.0,0.8159833155839545,0.6987361164304864,-,0.9774285412931125,5766.0,0.0,0.0,5766.0,1046.0,6812.0,1454.0
RXW,NHS England Midlands ,The Shrewsbury And Telford Hospital NHS Trust,11111.0,0.0,2873.0,13984.0,4761.0,0.0,2578.0,7339.0,6350.0,0.0,295.0,6645.0,0.5248140732265446,0.4284942849428494,-,0.8973198746954403,3147.0,0.0,220.0,3367.0,2165.0,5532.0,1830.0
RWD,NHS England Midlands ,United Lincolnshire Teaching Hospitals NHS Trust,16558.0,0.0,3931.0,20489.0,10746.0,0.0,3514.0,14260.0,5812.0,0.0,417.0,6229.0,0.6959832105031969,0.6489914240850344,-,0.8939201221063343,4894.0,0.0,0.0,4894.0,1137.0,6031.0,1647.0
RRK,NHS England Midlands ,University Hospitals Birmingham NHS Foundation Trust,34819.0,357.0,2126.0,37302.0,21002.0,357.0,2052.0,23411.0,13817.0,0.0,74.0,13891.0,0.6276070988150769,0.6031764266636032,1,0.9651928504233303,10425.0,0.0,0.0,10425.0,7034.0,17459.0,4549.0
RKB,NHS England Midlands ,University Hospitals Coventry And Warwickshire NHS Trust,12494.0,1602.0,6644.0,20740.0,7161.0,1469.0,6347.0,14977.0,5333.0,133.0,297.0,5763.0,0.7221311475409836,0.5731551144549384,0.9169787765293383,0.9552980132450332,1598.0,31.0,55.0,1684.0,638.0,2322.0,110.0
RTG,NHS England Midlands ,University Hospitals Of Derby And Burton NHS Foundation Trust,21365.0,0.0,9978.0,31343.0,12176.0,0.0,9975.0,22151.0,9189.0,0.0,3.0,9192.0,0.7067287751651087,0.569904048677744,-,0.9996993385447985,4191.0,0.0,3.0,4194.0,1939.0,6133.0,1751.0
RWE,NHS England Midlands ,University Hospitals Of Leicester NHS Trust,22642.0,2150.0,0.0,24792.0,12699.0,1913.0,0.0,14612.0,9943.0,237.0,0.0,10180.0,0.5893836721523072,0.5608603480257928,0.8897674418604651,-,6467.0,3.0,0.0,6470.0,3646.0,10116.0,2508.0
RJE,NHS England Midlands ,University Hospitals Of North Midlands NHS Trust,15475.0,541.0,9397.0,25413.0,7186.0,541.0,8685.0,16412.0,8289.0,0.0,712.0,9001.0,0.6458111989926416,0.46436187399030693,1,0.9242311375971055,5761.0,0.0,0.0,5761.0,2936.0,8697.0,1937.0
RBK,NHS England Midlands ,Walsall Healthcare NHS Trust,9339.0,0.0,4711.0,14050.0,5983.0,0.0,4597.0,10580.0,3356.0,0.0,114.0,3470.0,0.7530249110320285,0.6406467501873863,-,0.9758013160687752,3856.0,0.0,0.0,3856.0,817.0,4673.0,1269.0
RWP,NHS England Midlands ,Worcestershire Acute Hospitals NHS Trust,13805.0,0.0,6203.0,20008.0,7067.0,0.0,6132.0,13199.0,6738.0,0.0,71.0,6809.0,0.6596861255497801,0.5119159724737414,-,0.9885539255199097,2693.0,0.0,0.0,2693.0,861.0,3554.0,1656.0
RLQ,NHS England Midlands ,Wye Valley NHS Trust,6308.0,1157.0,158.0,7623.0,3505.0,1157.0,158.0,4820.0,2803.0,0.0,0.0,2803.0,0.6322969959333595,0.5556436271401395,1,1,1461.0,0.0,0.0,1461.0,151.0,1612.0,708.0
RCF,NHS England North East And Yorkshire ,Airedale NHS Foundation Trust,6433.0,232.0,0.0,6665.0,3892.0,232.0,0.0,4124.0,2541.0,0.0,0.0,2541.0,0.6187546886721681,0.6050054406964092,1,-,1521.0,0.0,0.0,1521.0,521.0,2042.0,663.0
RFF,NHS England North East And Yorkshire ,Barnsley Hospital NHS Foundation Trust,9293.0,0.0,0.0,9293.0,7455.0,0.0,0.0,7455.0,1838.0,0.0,0.0,1838.0,0.8022167222640697,0.8022167222640697,-,-,3249.0,0.0,0.0,3249.0,530.0,3779.0,229.0
RAE,NHS England North East And Yorkshire ,Bradford Teaching Hospitals NHS Foundation Trust,9248.0,1045.0,3252.0,13545.0,6943.0,1045.0,3249.0,11237.0,2305.0,0.0,3.0,2308.0,0.8296050203026947,0.7507569204152249,1,0.9990774907749077,2612.0,0.0,35.0,2647.0,1429.0,4076.0,784.0
NNF09,NHS England North East And Yorkshire ,Bransholme Health Centre,0.0,0.0,3661.0,3661.0,0.0,0.0,3086.0,3086.0,0.0,0.0,575.0,575.0,0.8429390876809615,-,-,0.8429390876809615,0.0,0.0,0.0,0.0,0.0,0.0,0.0
NNF16,NHS England North East And Yorkshire ,Bridlington Hospital,0.0,0.0,1464.0,1464.0,0.0,0.0,1401.0,1401.0,0.0,0.0,63.0,63.0,0.956967213114754,-,-,0.9569672131147541,0.0,0.0,0.0,0.0,0.0,0.0,0.0
RWY,NHS England North East And Yorkshire ,Calderdale And Huddersfield NHS Foundation Trust,16307.0,0.0,0.0,16307.0,13331.0,0.0,0.0,13331.0,2976.0,0.0,0.0,2976.0,0.8175016863923469,0.8175016863923469,-,-,2750.0,0.0,0.0,2750.0,209.0,2959.0,905.0
RXP,NHS England North East And Yorkshire ,County Durham And Darlington NHS Foundation Trust,13515.0,0.0,12233.0,25748.0,8302.0,0.0,12233.0,20535.0,5213.0,0.0,0.0,5213.0,0.7975376728289576,0.6142804291527932,-,1,4479.0,0.0,0.0,4479.0,783.0,5262.0,1844.0
RP5,NHS England North East And Yorkshire ,Doncaster And Bassetlaw Teaching Hospitals NHS Foundation Trust,14073.0,0.0,4384.0,18457.0,9431.0,0.0,4363.0,13794.0,4642.0,0.0,21.0,4663.0,0.7473587256867313,0.6701485113337596,-,0.9952098540145985,3831.0,0.0,429.0,4260.0,1055.0,5315.0,1083.0
NNF94,NHS England North East And Yorkshire ,East Riding Community Hospital,0.0,0.0,2943.0,2943.0,0.0,0.0,2656.0,2656.0,0.0,0.0,287.0,287.0,0.9024804621134896,-,-,0.9024804621134896,0.0,0.0,0.0,0.0,0.0,0.0,0.0
RR7,NHS England North East And Yorkshire ,Gateshead Health NHS Foundation Trust,5903.0,0.0,4000.0,9903.0,3414.0,0.0,3968.0,7382.0,2489.0,0.0,32.0,2521.0,0.7454306775724527,0.5783499915297307,-,0.992,1598.0,0.0,0.0,1598.0,52.0,1650.0,839.0
NNFA7,NHS England North East And Yorkshire ,Goole & District Hospital,0.0,0.0,1680.0,1680.0,0.0,0.0,1660.0,1660.0,0.0,0.0,20.0,20.0,0.988095238095238,-,-,0.9880952380952381,0.0,0.0,0.0,0.0,0.0,0.0,0.0
RCD,NHS England North East And Yorkshire ,Harrogate And District NHS Foundation Trust,5491.0,0.0,1014.0,6505.0,4120.0,0.0,1013.0,5133.0,1371.0,0.0,1.0,1372.0,0.7890853189853958,0.7503187033327263,-,0.9990138067061144,1150.0,0.0,0.0,1150.0,315.0,1465.0,409.0
RWA,NHS England North East And Yorkshire ,Hull University Teaching Hospitals NHS Trust,9198.0,0.0,5279.0,14477.0,3797.0,0.0,4673.0,8470.0,5401.0,0.0,606.0,6007.0,0.5850659667058092,0.4128071319852142,-,0.8852055313506346,3486.0,0.0,0.0,3486.0,2346.0,5832.0,1546.0
RV9,NHS England North East And Yorkshire ,Humber Teaching NHS Foundation Trust,0.0,0.0,1076.0,1076.0,0.0,0.0,1066.0,1066.0,0.0,0.0,10.0,10.0,0.9907063197026024,-,-,0.9907063197026023,0.0,0.0,0.0,0.0,0.0,0.0,0.0
RR8,NHS England North East And Yorkshire ,Leeds Teaching Hospitals NHS Trust,18023.0,741.0,12822.0,31586.0,11529.0,741.0,12771.0,25041.0,6494.0,0.0,51.0,6545.0,0.7927879440258342,0.6396826277534262,1,0.9960224613944783,3721.0,0.0,0.0,3721.0,1180.0,4901.0,2015.0
ARN03,NHS England North East And Yorkshire ,Local Care Direct,0.0,0.0,2452.0,2452.0,0.0,0.0,2443.0,2443.0,0.0,0.0,9.0,9.0,0.9963295269168028,-,-,0.9963295269168027,0.0,0.0,0.0,0.0,0.0,0.0,0.0
RXF,NHS England North East And Yorkshire ,Mid Yorkshire Teaching NHS Trust,17228.0,154.0,6268.0,23650.0,10753.0,154.0,5758.0,16665.0,6475.0,0.0,510.0,6985.0,0.7046511627906977,0.6241583468771766,1,0.9186343331206126,3671.0,0.0,179.0,3850.0,909.0,4759.0,2313.0
RNN,NHS England North East And Yorkshire ,North Cumbria Integrated Care NHS Foundation Trust,9237.0,0.0,1957.0,11194.0,5270.0,0.0,1932.0,7202.0,3967.0,0.0,25.0,3992.0,0.6433803823476862,0.5705315578651077,-,0.9872253449156873,2440.0,0.0,0.0,2440.0,735.0,3175.0,1071.0
RVW,NHS England North East And Yorkshire ,North Tees And Hartlepool NHS Foundation Trust,5014.0,0.0,11944.0,16958.0,2620.0,0.0,11897.0,14517.0,2394.0,0.0,47.0,2441.0,0.8560561386956009,0.5225368966892701,-,0.9960649698593436,1715.0,0.0,566.0,2281.0,2543.0,4824.0,172.0
RJL,NHS England North East And Yorkshire ,Northern Lincolnshire And Goole NHS Foundation Trust,9197.0,0.0,7778.0,16975.0,4431.0,0.0,7708.0,12139.0,4766.0,0.0,70.0,4836.0,0.7151104565537555,0.48178753941502667,-,0.9910002571355104,5717.0,0.0,0.0,5717.0,498.0,6215.0,1329.0
RTF,NHS England North East And Yorkshire ,Northumbria Healthcare NHS Foundation Trust,10277.0,0.0,13291.0,23568.0,7745.0,0.0,13285.0,21030.0,2532.0,0.0,6.0,2538.0,0.8923116089613035,0.7536245986182738,-,0.9995485666992702,4278.0,0.0,18.0,4296.0,473.0,4769.0,35.0
RCU,NHS England North East And Yorkshire ,Sheffield Children's NHS Foundation Trust,5181.0,0.0,449.0,5630.0,4650.0,0.0,449.0,5099.0,531.0,0.0,0.0,531.0,0.905683836589698,0.897510133178923,-,1,1106.0,0.0,0.0,1106.0,75.0,1181.0,7.0
RHQ,NHS England North East And Yorkshire ,Sheffield Teaching Hospitals NHS Foundation Trust,9454.0,1210.0,8345.0,19009.0,4607.0,1210.0,8079.0,13896.0,4847.0,0.0,266.0,5113.0,0.7310221474038613,0.48730696001692403,1,0.968124625524266,3814.0,0.0,0.0,3814.0,3186.0,7000.0,1007.0
RTR,NHS England North East And Yorkshire ,South Tees Hospitals NHS Foundation Trust,7561.0,0.0,11168.0,18729.0,3567.0,0.0,10588.0,14155.0,3994.0,0.0,580.0,4574.0,0.7557798067168562,0.47176299431292157,-,0.9480659025787965,2678.0,0.0,127.0,2805.0,2448.0,5253.0,283.0
R0B,NHS England North East And Yorkshire ,South Tyneside And Sunderland NHS Foundation Trust,12249.0,1338.0,7763.0,21350.0,7090.0,1313.0,7460.0,15863.0,5159.0,25.0,303.0,5487.0,0.7429976580796253,0.5788227610417177,0.9813153961136024,0.9609686976684272,4487.0,12.0,0.0,4499.0,1547.0,6046.0,318.0
RXG,NHS England North East And Yorkshire ,South West Yorkshire Partnership NHS Foundation Trust,0.0,0.0,0.0,0.0,0.0,0.0,0.0,0.0,0.0,0.0,0.0,0.0,,-,-,-,0.0,0.0,0.0,0.0,131.0,131.0,0.0
RTD,NHS England North East And Yorkshire ,The Newcastle Upon Tyne Hospitals NHS Foundation Trust,12877.0,1781.0,6604.0,21262.0,8318.0,1566.0,6603.0,16487.0,4559.0,215.0,1.0,4775.0,0.7754209387639921,0.6459579094509591,0.8792813026389669,0.9998485766202302,3769.0,22.0,0.0,3791.0,2861.0,6652.0,562.0
RFR,NHS England North East And Yorkshire ,The Rotherham NHS Foundation Trust,9434.0,0.0,0.0,9434.0,6178.0,0.0,0.0,6178.0,3256.0,0.0,0.0,3256.0,0.6548653805384779,0.6548653805384779,-,-,1982.0,0.0,0.0,1982.0,218.0,2200.0,684.0
AJN,NHS England North East And Yorkshire ,Workington Health Limited,0.0,0.0,336.0,336.0,0.0,0.0,336.0,336.0,0.0,0.0,0.0,0.0,1.0,-,-,1,0.0,0.0,0.0,0.0,0.0,0.0,0.0
RCB,NHS England North East And Yorkshire ,York And Scarborough Teaching Hospitals NHS Foundation Trust,10854.0,333.0,7214.0,18401.0,4731.0,333.0,6912.0,11976.0,6123.0,0.0,302.0,6425.0,0.6508341937938156,0.43587617468214485,1,0.9581369559190464,4796.0,0.0,0.0,4796.0,1599.0,6395.0,1355.0
RBS,NHS England North West ,Alder Hey Children's NHS Foundation Trust,6446.0,0.0,0.0,6446.0,5145.0,0.0,0.0,5145.0,1301.0,0.0,0.0,1301.0,0.7981694073844244,0.7981694073844244,-,-,831.0,0.0,0.0,831.0,297.0,1128.0,4.0
RXL,NHS England North West ,Blackpool Teaching Hospitals NHS Foundation Trust,9382.0,0.0,11384.0,20766.0,5218.0,0.0,11313.0,16531.0,4164.0,0.0,71.0,4235.0,0.796060868727728,0.5561713920272863,-,0.9937631763879129,2743.0,0.0,0.0,2743.0,1747.0,4490.0,1048.0
RMC,NHS England North West ,Bolton NHS Foundation Trust,8420.0,0.0,3912.0,12332.0,5078.0,0.0,3781.0,8859.0,3342.0,0.0,131.0,3473.0,0.7183749594550762,0.6030878859857483,-,0.9665132924335378,2574.0,0.0,116.0,2690.0,1023.0,3713.0,827.0
RY2,NHS England North West ,Bridgewater Community Healthcare NHS Foundation Trust,0.0,0.0,3210.0,3210.0,0.0,0.0,3104.0,3104.0,0.0,0.0,106.0,106.0,0.9669781931464174,-,-,0.9669781931464174,0.0,0.0,0.0,0.0,0.0,0.0,0.0
RJR,NHS England North West ,Countess Of Chester Hospital NHS Foundation Trust,5250.0,0.0,2446.0,7696.0,2486.0,0.0,2088.0,4574.0,2764.0,0.0,358.0,3122.0,0.5943347193347194,0.4735238095238095,-,0.8536385936222404,1598.0,0.0,0.0,1598.0,1288.0,2886.0,903.0
RJN,NHS England North West ,East Cheshire NHS Trust,4524.0,0.0,60.0,4584.0,2301.0,0.0,60.0,2361.0,2223.0,0.0,0.0,2223.0,0.5150523560209425,0.5086206896551724,-,1,754.0,0.0,0.0,754.0,205.0,959.0,602.0
RXR,NHS England North West ,East Lancashire Hospitals NHS Trust,13340.0,0.0,11173.0,24513.0,8888.0,0.0,10646.0,19534.0,4452.0,0.0,527.0,4979.0,0.7968832864194509,0.6662668665667166,-,0.9528327217399087,3876.0,0.0,101.0,3977.0,1664.0,5641.0,1629.0
RXN,NHS England North West ,Lancashire Teaching Hospitals NHS Foundation Trust,12337.0,0.0,3441.0,15778.0,7622.0,0.0,3276.0,10898.0,4715.0,0.0,165.0,4880.0,0.6907085815692737,0.617816324876388,-,0.9520488230165649,2420.0,0.0,92.0,2512.0,1119.0,3631.0,1433.0
RBQ,NHS England North West ,Liverpool Heart And Chest Hospital NHS Foundation Trust,0.0,0.0,0.0,0.0,0.0,0.0,0.0,0.0,0.0,0.0,0.0,0.0,,-,-,-,0.0,0.0,0.0,0.0,170.0,170.0,0.0
REM,NHS England North West ,Liverpool University Hospitals NHS Foundation Trust,16276.0,1842.0,8129.0,26247.0,8208.0,1722.0,7794.0,17724.0,8068.0,120.0,335.0,8523.0,0.6752771745342325,0.5043008110100762,0.9348534201954397,0.9587895190060278,4562.0,0.0,0.0,4562.0,2461.0,7023.0,2957.0
REP,NHS England North West ,Liverpool Women's NHS Foundation Trust,0.0,1632.0,0.0,1632.0,0.0,1456.0,0.0,1456.0,0.0,176.0,0.0,176.0,0.8921568627450981,-,0.8921568627450981,-,0.0,118.0,0.0,118.0,14.0,132.0,0.0
R0A,NHS England North West ,Manchester University NHS Foundation Trust,28984.0,3542.0,12838.0,45364.0,17868.0,3388.0,12273.0,33529.0,11116.0,154.0,565.0,11835.0,0.7391103077330041,0.6164780568589566,0.9565217391304348,0.9559900295996261,5886.0,148.0,165.0,6199.0,429.0,6628.0,2972.0
RBN,NHS England North West ,Mersey And West Lancashire Teaching Hospitals NHS Trust,18310.0,0.0,7558.0,25868.0,11804.0,0.0,7411.0,19215.0,6506.0,0.0,147.0,6653.0,0.7428096489871656,0.6446750409612234,-,0.9805504101614184,8282.0,0.0,0.0,8282.0,679.0,8961.0,1015.0
RW4,NHS England North West ,Mersey Care NHS Foundation Trust,0.0,0.0,14217.0,14217.0,0.0,0.0,13812.0,13812.0,0.0,0.0,405.0,405.0,0.971512977421397,-,-,0.971512977421397,0.0,0.0,0.0,0.0,44.0,44.0,0.0
RBT,NHS England North West ,Mid Cheshire Hospitals NHS Foundation Trust,7136.0,0.0,3331.0,10467.0,2997.0,0.0,3262.0,6259.0,4139.0,0.0,69.0,4208.0,0.5979745867965989,0.41998318385650224,-,0.9792854998498949,2236.0,0.0,0.0,2236.0,1348.0,3584.0,1145.0
Y02532,NHS England North West ,Miriam Minor Emergency,0.0,0.0,1709.0,1709.0,0.0,0.0,1709.0,1709.0,0.0,0.0,0.0,0.0,1.0,-,-,1,0.0,0.0,0.0,0.0,0.0,0.0,0.0
RM3,NHS England North West ,Northern Care Alliance NHS Foundation Trust,25828.0,0.0,8886.0,34714.0,15383.0,0.0,8485.0,23868.0,10445.0,0.0,401.0,10846.0,0.6875612144955926,0.5955939290692271,-,0.9548728336709431,7203.0,0.0,298.0,7501.0,2067.0,9568.0,2367.0
NV693,NHS England North West ,Rossendale Miu & Ooh,0.0,0.0,1122.0,1122.0,0.0,0.0,1121.0,1121.0,0.0,0.0,1.0,1.0,0.999108734402852,-,-,0.9991087344028521,0.0,0.0,0.0,0.0,0.0,0.0,0.0
NQT5F,NHS England North West ,Skelmersdale Walk In Centre,0.0,0.0,1730.0,1730.0,0.0,0.0,1724.0,1724.0,0.0,0.0,6.0,6.0,0.9965317919075144,-,-,0.9965317919075144,0.0,0.0,0.0,0.0,0.0,0.0,0.0
RWJ,NHS England North West ,Stockport NHS Foundation Trust,8527.0,0.0,2574.0,11101.0,5169.0,0.0,2489.0,7658.0,3358.0,0.0,85.0,3443.0,0.6898477614629313,0.6061920956960244,-,0.966977466977467,2843.0,0.0,82.0,2925.0,956.0,3881.0,1093.0
RMP,NHS England North West ,Tameside And Glossop Integrated Care NHS Foundation Trust,9204.0,0.0,3112.0,12316.0,5391.0,0.0,3092.0,8483.0,3813.0,0.0,20.0,3833.0,0.6887788242936018,0.5857235984354628,-,0.993573264781491,1654.0,0.0,0.0,1654.0,253.0,1907.0,695.0
RBV,NHS England North West ,The Christie NHS Foundation Trust,0.0,0.0,0.0,0.0,0.0,0.0,0.0,0.0,0.0,0.0,0.0,0.0,,-,-,-,0.0,0.0,0.0,0.0,821.0,821.0,0.0
RET,NHS England North West ,The Walton Centre NHS Foundation Trust,0.0,0.0,0.0,0.0,0.0,0.0,0.0,0.0,0.0,0.0,0.0,0.0,,-,-,-,0.0,0.0,0.0,0.0,182.0,182.0,0.0
RTX,NHS England North West ,University Hospitals Of Morecambe Bay NHS Foundation Trust,9620.0,0.0,4537.0,14157.0,5808.0,0.0,4409.0,10217.0,3812.0,0.0,128.0,3940.0,0.7216924489651763,0.6037422037422038,-,0.9717875247961207,3127.0,0.0,28.0,3155.0,1062.0,4217.0,1279.0
RWW,NHS England North West ,Warrington And Halton Teaching Hospitals NHS Foundation Trust,7272.0,0.0,3351.0,10623.0,3617.0,0.0,3191.0,6808.0,3655.0,0.0,160.0,3815.0,0.6408735762025793,0.49738723872387236,-,0.9522530587884214,1807.0,0.0,0.0,1807.0,131.0,1938.0,1408.0
RY7,NHS England North West ,Wirral Community Health And Care NHS Foundation Trust,0.0,0.0,4551.0,4551.0,0.0,0.0,4149.0,4149.0,0.0,0.0,402.0,402.0,0.911667765326302,-,-,0.9116677653263019,0.0,0.0,0.0,0.0,0.0,0.0,0.0
RBL,NHS England North West ,Wirral University Teaching Hospital NHS Foundation Trust,7845.0,0.0,3510.0,11355.0,3704.0,0.0,3352.0,7056.0,4141.0,0.0,158.0,4299.0,0.6214002642007926,0.4721478648820905,-,0.954985754985755,2155.0,0.0,0.0,2155.0,1605.0,3760.0,1305.0
RRF,NHS England North West ,"Wrightington, Wigan And Leigh NHS Foundation Trust",6924.0,0.0,5866.0,12790.0,3415.0,0.0,5757.0,9172.0,3509.0,0.0,109.0,3618.0,0.7171227521501172,0.49321201617562105,-,0.981418342993522,2391.0,0.0,0.0,2391.0,661.0,3052.0,1621.0
RTK,NHS England South East ,Ashford And St Peter's Hospitals NHS Foundation Trust,10757.0,0.0,0.0,10757.0,7062.0,0.0,0.0,7062.0,3695.0,0.0,0.0,3695.0,0.6565027424002975,0.6565027424002975,-,-,2884.0,0.0,0.0,2884.0,678.0,3562.0,759.0
NTV0B,NHS England South East ,Ashford Walk-In-Centre,0.0,0.0,2374.0,2374.0,0.0,0.0,2351.0,2351.0,0.0,0.0,23.0,23.0,0.9903117101937658,-,-,0.9903117101937658,0.0,0.0,0.0,0.0,0.0,0.0,0.0
RWX,NHS England South East ,Berkshire Healthcare NHS Foundation Trust,0.0,0.0,1479.0,1479.0,0.0,0.0,1471.0,1471.0,0.0,0.0,8.0,8.0,0.9945909398242057,-,-,0.9945909398242055,0.0,0.0,19.0,19.0,0.0,19.0,0.0
Y02676,NHS England South East ,Brighton Station Health Centre,0.0,0.0,2040.0,2040.0,0.0,0.0,2040.0,2040.0,0.0,0.0,0.0,0.0,1.0,-,-,1,0.0,0.0,0.0,0.0,0.0,0.0,0.0
RXQ,NHS England South East ,Buckinghamshire Healthcare NHS Trust,11146.0,1232.0,3622.0,16000.0,7853.0,1232.0,3533.0,12618.0,3293.0,0.0,89.0,3382.0,0.788625,0.7045576888569891,1,0.9754279403644396,4044.0,677.0,0.0,4721.0,2216.0,6937.0,505.0
RN7,NHS England South East ,Dartford And Gravesham NHS Trust,11705.0,0.0,4168.0,15873.0,8011.0,0.0,4151.0,12162.0,3694.0,0.0,17.0,3711.0,0.7662067662067662,0.6844083724903888,-,0.9959213051823417,3244.0,0.0,0.0,3244.0,458.0,3702.0,953.0
Y00751,NHS England South East ,East Berks Primary Care Ooh(Wam),0.0,0.0,0.0,0.0,0.0,0.0,0.0,0.0,0.0,0.0,0.0,0.0,,-,-,-,0.0,0.0,0.0,0.0,0.0,0.0,0.0
RVV,NHS England South East ,East Kent Hospitals University NHS Foundation Trust,12820.0,0.0,13288.0,26108.0,6592.0,0.0,12874.0,19466.0,6228.0,0.0,414.0,6642.0,0.7455952198559829,0.5141965678627145,-,0.9688440698374473,2819.0,0.0,528.0,3347.0,549.0,3896.0,1666.0
RXC,NHS England South East ,East Sussex Healthcare NHS Trust,10281.0,0.0,4593.0,14874.0,6083.0,0.0,4493.0,10576.0,4198.0,0.0,100.0,4298.0,0.7110393976065618,0.5916739616768797,-,0.9782277378619638,3004.0,0.0,0.0,3004.0,501.0,3505.0,280.0
NDJ,NHS England South East ,First Community Health And Care Cic,0.0,0.0,2464.0,2464.0,0.0,0.0,2464.0,2464.0,0.0,0.0,0.0,0.0,1.0,-,-,1,0.0,0.0,0.0,0.0,0.0,0.0,0.0
RDU,NHS England South East ,Frimley Health NHS Foundation Trust,22632.0,945.0,13202.0,36779.0,13016.0,944.0,12896.0,26856.0,9616.0,1.0,306.0,9923.0,0.7301992985127382,0.5751148815835985,0.9989417989417989,0.9768216936827754,6243.0,0.0,0.0,6243.0,120.0,6363.0,2051.0
RW1,NHS England South East ,Hampshire And Isle Of Wight Healthcare NHS Foundation Trust,0.0,0.0,3122.0,3122.0,0.0,0.0,3058.0,3058.0,0.0,0.0,64.0,64.0,0.9795003203074952,-,-,0.9795003203074952,0.0,0.0,0.0,0.0,140.0,140.0,0.0
RN5,NHS England South East ,Hampshire Hospitals NHS Foundation Trust,11387.0,73.0,3630.0,15090.0,6425.0,73.0,3480.0,9978.0,4962.0,0.0,150.0,5112.0,0.6612326043737574,0.56423992271889,1,0.9586776859504132,4215.0,9.0,36.0,4260.0,1388.0,5648.0,351.0
R1F,NHS England South East ,Isle Of Wight NHS Trust,4290.0,329.0,1438.0,6057.0,2307.0,329.0,1438.0,4074.0,1983.0,0.0,0.0,1983.0,0.6726102030708272,0.5377622377622377,1,1,1287.0,0.0,0.0,1287.0,88.0,1375.0,488.0
RYY,NHS England South East ,Kent Community Health NHS Foundation Trust,0.0,0.0,9690.0,9690.0,0.0,0.0,9658.0,9658.0,0.0,0.0,32.0,32.0,0.9966976264189886,-,-,0.9966976264189886,0.0,0.0,0.0,0.0,0.0,0.0,0.0
RWF,NHS England South East ,Maidstone And Tunbridge Wells NHS Trust,19127.0,0.0,2591.0,21718.0,15920.0,0.0,2565.0,18485.0,3207.0,0.0,26.0,3233.0,0.851137305460908,0.8323312594761332,-,0.9899652643766885,5241.0,0.0,0.0,5241.0,979.0,6220.0,818.0
RPA,NHS England South East ,Medway NHS Foundation Trust,9419.0,0.0,8156.0,17575.0,6199.0,0.0,7409.0,13608.0,3220.0,0.0,747.0,3967.0,0.7742816500711237,0.658137806561206,-,0.9084109857773418,1903.0,0.0,0.0,1903.0,493.0,2396.0,1039.0
RNU,NHS England South East ,Oxford Health NHS Foundation Trust,0.0,0.0,3656.0,3656.0,0.0,0.0,3237.0,3237.0,0.0,0.0,419.0,419.0,0.8853938730853391,-,-,0.8853938730853391,0.0,0.0,0.0,0.0,0.0,0.0,0.0
RTH,NHS England South East ,Oxford University Hospitals NHS Foundation Trust,14558.0,1830.0,2199.0,18587.0,8703.0,1830.0,2189.0,12722.0,5855.0,0.0,10.0,5865.0,0.6844568784634422,0.5978156340156615,1,0.9954524783992724,4670.0,109.0,10.0,4789.0,4539.0,9328.0,771.0
AQN04,NHS England South East ,Phl Lymington Utc,0.0,0.0,3129.0,3129.0,0.0,0.0,3113.0,3113.0,0.0,0.0,16.0,16.0,0.9948865452221156,-,-,0.9948865452221157,0.0,0.0,0.0,0.0,0.0,0.0,0.0
RHU,NHS England South East ,Portsmouth Hospitals University National Health Service Trust,12464.0,838.0,4097.0,17399.0,7334.0,825.0,4016.0,12175.0,5130.0,13.0,81.0,5224.0,0.6997528593597333,0.5884146341463414,0.9844868735083532,0.9802294361728093,3172.0,0.0,0.0,3172.0,2611.0,5783.0,1664.0
NTP11,NHS England South East ,Practice Plus Group Hospital - Southampton,0.0,0.0,5772.0,5772.0,0.0,0.0,5422.0,5422.0,0.0,0.0,350.0,350.0,0.9393624393624392,-,-,0.9393624393624393,0.0,0.0,0.0,0.0,0.0,0.0,0.0
NTPAD,NHS England South East ,Practice Plus Group Surgical Centre - St Marys Portsmouth,0.0,0.0,5950.0,5950.0,0.0,0.0,5803.0,5803.0,0.0,0.0,147.0,147.0,0.9752941176470588,-,-,0.9752941176470589,0.0,0.0,0.0,0.0,0.0,0.0,0.0
RPC,NHS England South East ,Queen Victoria Hospital NHS Foundation Trust,0.0,0.0,1400.0,1400.0,0.0,0.0,1394.0,1394.0,0.0,0.0,6.0,6.0,0.9957142857142856,-,-,0.9957142857142857,0.0,0.0,3.0,3.0,493.0,496.0,0.0
Y07709,NHS England South East ,Reading Urgent Care Centre,0.0,0.0,2020.0,2020.0,0.0,0.0,2020.0,2020.0,0.0,0.0,0.0,0.0,1.0,-,-,1,0.0,0.0,0.0,0.0,0.0,0.0,0.0
RHW,NHS England South East ,Royal Berkshire NHS Foundation Trust,13201.0,2367.0,2157.0,17725.0,7986.0,2346.0,2157.0,12489.0,5215.0,21.0,0.0,5236.0,0.7045980253878702,0.6049541701386258,0.991128010139417,1,2255.0,2.0,0.0,2257.0,423.0,2680.0,763.0
RA2,NHS England South East ,Royal Surrey County Hospital NHS Foundation Trust,7780.0,0.0,1662.0,9442.0,5500.0,0.0,1661.0,7161.0,2280.0,0.0,1.0,2281.0,0.7584198263079855,0.7069408740359897,-,0.9993983152827918,2583.0,0.0,0.0,2583.0,1108.0,3691.0,269.0
NQT51,NHS England South East ,Station Plaza Health Centre,0.0,0.0,1024.0,1024.0,0.0,0.0,1024.0,1024.0,0.0,0.0,0.0,0.0,1.0,-,-,1,0.0,0.0,0.0,0.0,0.0,0.0,0.0
RTP,NHS England South East ,Surrey And Sussex Healthcare NHS Trust,10472.0,0.0,0.0,10472.0,6733.0,0.0,0.0,6733.0,3739.0,0.0,0.0,3739.0,0.6429526355996944,0.6429526355996944,-,-,3223.0,0.0,0.0,3223.0,923.0,4146.0,1175.0
RDR,NHS England South East ,Sussex Community NHS Foundation Trust,0.0,0.0,12570.0,12570.0,0.0,0.0,12449.0,12449.0,0.0,0.0,121.0,121.0,0.990373906125696,-,-,0.9903739061256961,0.0,0.0,0.0,0.0,0.0,0.0,0.0
RHM,NHS England South East ,University Hospital Southampton NHS Foundation Trust,11967.0,1243.0,0.0,13210.0,6846.0,1099.0,0.0,7945.0,5121.0,144.0,0.0,5265.0,0.601438304314913,0.5720732013035849,0.8841512469831054,-,3886.0,9.0,0.0,3895.0,1645.0,5540.0,638.0
RYR,NHS England South East ,University Hospitals Sussex NHS Foundation Trust,28432.0,1483.0,2704.0,32619.0,17926.0,1444.0,2469.0,21839.0,10506.0,39.0,235.0,10780.0,0.669517765719366,0.6304867754642656,0.973701955495617,0.9130917159763313,8684.0,23.0,89.0,8796.0,1565.0,10361.0,1729.0
ACH01,NHS England South East ,Whitstable Medical Practice,0.0,0.0,5414.0,5414.0,0.0,0.0,5414.0,5414.0,0.0,0.0,0.0,0.0,1.0,-,-,1,0.0,0.0,0.0,0.0,0.0,0.0,0.0
NTV0W,NHS England South East ,Woking Walk In Centre,0.0,0.0,2683.0,2683.0,0.0,0.0,2671.0,2671.0,0.0,0.0,12.0,12.0,0.995527394707417,-,-,0.995527394707417,0.0,0.0,0.0,0.0,0.0,0.0,0.0
RJ8,NHS England South West ,Cornwall Partnership NHS Foundation Trust,0.0,0.0,0.0,0.0,0.0,0.0,0.0,0.0,0.0,0.0,0.0,0.0,,-,-,-,0.0,0.0,16.0,16.0,74.0,90.0,0.0
RBD,NHS England South West ,Dorset County Hospital NHS Foundation Trust,4514.0,0.0,4529.0,9043.0,3107.0,0.0,4520.0,7627.0,1407.0,0.0,9.0,1416.0,0.8434147959747871,0.6883030571555162,-,0.9980128063590197,1881.0,0.0,0.0,1881.0,610.0,2491.0,248.0
RDY,NHS England South West ,Dorset Healthcare University NHS Foundation Trust,0.0,0.0,0.0,0.0,0.0,0.0,0.0,0.0,0.0,0.0,0.0,0.0,,-,-,-,0.0,0.0,1.0,1.0,0.0,1.0,0.0
RTQ,NHS England South West ,Gloucestershire Health And Care NHS Foundation Trust,0.0,0.0,8527.0,8527.0,0.0,0.0,8401.0,8401.0,0.0,0.0,126.0,126.0,0.9852234079981236,-,-,0.9852234079981236,0.0,0.0,0.0,0.0,32.0,32.0,0.0
RTE,NHS England South West ,Gloucestershire Hospitals NHS Foundation Trust,13769.0,0.0,0.0,13769.0,8363.0,0.0,0.0,8363.0,5406.0,0.0,0.0,5406.0,0.6073788946183456,0.6073788946183456,-,-,2713.0,0.0,0.0,2713.0,2398.0,5111.0,836.0
RN3,NHS England South West ,Great Western Hospitals NHS Foundation Trust,5662.0,0.0,5652.0,11314.0,2734.0,0.0,5194.0,7928.0,2928.0,0.0,458.0,3386.0,0.7007247657769136,0.4828682444365948,-,0.918966737438075,2450.0,0.0,0.0,2450.0,1391.0,3841.0,870.0
RVJ,NHS England South West ,North Bristol NHS Trust,9215.0,0.0,0.0,9215.0,5647.0,0.0,0.0,5647.0,3568.0,0.0,0.0,3568.0,0.612805208898535,0.612805208898535,-,-,2661.0,0.0,0.0,2661.0,2225.0,4886.0,945.0
L83087,NHS England South West ,Okehampton Medical Centre,0.0,0.0,87.0,87.0,0.0,0.0,87.0,87.0,0.0,0.0,0.0,0.0,1.0,-,-,1,0.0,0.0,0.0,0.0,0.0,0.0,0.0
NQT5H,NHS England South West ,Paulton Memorial Hospital,0.0,0.0,913.0,913.0,0.0,0.0,908.0,908.0,0.0,0.0,5.0,5.0,0.9945235487404164,-,-,0.9945235487404163,0.0,0.0,0.0,0.0,0.0,0.0,0.0
REF,NHS England South West ,Royal Cornwall Hospitals NHS Trust,6629.0,0.0,12512.0,19141.0,3135.0,0.0,11803.0,14938.0,3494.0,0.0,709.0,4203.0,0.7804189958727339,0.47292200935284356,-,0.9433343989769821,2613.0,0.0,51.0,2664.0,1130.0,3794.0,1177.0
RH8,NHS England South West ,Royal Devon University Healthcare NHS Foundation Trust,13959.0,0.0,4333.0,18292.0,7909.0,0.0,4308.0,12217.0,6050.0,0.0,25.0,6075.0,0.6678876011371091,0.5665878644602049,-,0.9942303254096468,3437.0,0.0,0.0,3437.0,1943.0,5380.0,1688.0
RD1,NHS England South West ,Royal United Hospitals Bath NHS Foundation Trust,8762.0,0.0,0.0,8762.0,5130.0,0.0,0.0,5130.0,3632.0,0.0,0.0,3632.0,0.5854827664916685,0.5854827664916685,-,-,2580.0,0.0,3.0,2583.0,1844.0,4427.0,992.0
RNZ,NHS England South West ,Salisbury NHS Foundation Trust,4905.0,312.0,1873.0,7090.0,2848.0,312.0,1873.0,5033.0,2057.0,0.0,0.0,2057.0,0.7098730606488012,0.580632008154944,1,1,1242.0,0.0,0.0,1242.0,1090.0,2332.0,510.0
NLX,NHS England South West ,Sirona Care & Health,0.0,0.0,9729.0,9729.0,0.0,0.0,9295.0,9295.0,0.0,0.0,434.0,434.0,0.9553910987768528,-,-,0.9553910987768527,0.0,0.0,0.0,0.0,0.0,0.0,0.0
RH5,NHS England South West ,Somerset NHS Foundation Trust,13097.0,0.0,9956.0,23053.0,6917.0,0.0,9727.0,16644.0,6180.0,0.0,229.0,6409.0,0.7219884613716219,0.5281362144002444,-,0.9769987946966653,3118.0,0.0,0.0,3118.0,1840.0,4958.0,508.0
RYF,NHS England South West ,South Western Ambulance Service NHS Foundation Trust,0.0,0.0,1939.0,1939.0,0.0,0.0,1923.0,1923.0,0.0,0.0,16.0,16.0,0.9917483238782878,-,-,0.9917483238782878,0.0,0.0,0.0,0.0,0.0,0.0,0.0
AAH,NHS England South West ,Tetbury Hospital Trust Ltd,0.0,0.0,707.0,707.0,0.0,0.0,707.0,707.0,0.0,0.0,0.0,0.0,1.0,-,-,1,0.0,0.0,0.0,0.0,0.0,0.0,0.0
RA9,NHS England South West ,Torbay And South Devon NHS Foundation Trust,7055.0,0.0,3512.0,10567.0,3918.0,0.0,3462.0,7380.0,3137.0,0.0,50.0,3187.0,0.6984006813665184,0.5553508150248051,-,0.9857630979498861,2305.0,0.0,0.0,2305.0,1183.0,3488.0,330.0
RA7,NHS England South West ,University Hospitals Bristol And Weston NHS Foundation Trust,16099.0,2536.0,0.0,18635.0,10351.0,2329.0,0.0,12680.0,5748.0,207.0,0.0,5955.0,0.6804400321974778,0.642959190011802,0.9183753943217665,-,5388.0,5.0,0.0,5393.0,1558.0,6951.0,1695.0
R0D,NHS England South West ,University Hospitals Dorset NHS Foundation Trust,13702.0,0.0,5527.0,19229.0,8338.0,0.0,5527.0,13865.0,5364.0,0.0,0.0,5364.0,0.7210463362629362,0.6085243030214568,-,1,4209.0,4.0,0.0,4213.0,2508.0,6721.0,1374.0
RK9,NHS England South West ,University Hospitals Plymouth NHS Trust,9353.0,130.0,5705.0,15188.0,4349.0,130.0,5512.0,9991.0,5004.0,0.0,193.0,5197.0,0.6578219647089808,0.4649844969528494,1,0.9661700262927256,2827.0,0.0,0.0,2827.0,1502.0,4329.0,1146.0
,,,7302.0,0.0,3251.5,10519.5,4073.5,0.0,3157.5,7897.0,2848.0,0.0,25.5,2980.5,,,,,1824.5,0.0,0.0,1861.5,305.0,2237.0,439.0
,,,7302.0,0.0,3251.5,10519.5,4073.5,0.0,3157.5,7897.0,2848.0,0.0,25.5,2980.5,,,,,1824.5,0.0,0.0,1861.5,305.0,2237.0,439.0
,,,7302.0,0.0,3251.5,10519.5,4073.5,0.0,3157.5,7897.0,2848.0,0.0,25.5,2980.5,,,,,1824.5,0.0,0.0,1861.5,305.0,2237.0,439.0
,,,7302.0,0.0,3251.5,10519.5,4073.5,0.0,3157.5,7897.0,2848.0,0.0,25.5,2980.5,,,,,1824.5,0.0,0.0,1861.5,305.0,2237.0,439.0
,,,7302.0,0.0,3251.5,10519.5,4073.5,0.0,3157.5,7897.0,2848.0,0.0,25.5,2980.5,,,,,1824.5,0.0,0.0,1861.5,305.0,2237.0,439.0
,,,7302.0,0.0,3251.5,10519.5,4073.5,0.0,3157.5,7897.0,2848.0,0.0,25.5,2980.5,,,,,1824.5,0.0,0.0,1861.5,305.0,2237.0,439.0
,,,7302.0,0.0,3251.5,10519.5,4073.5,0.0,3157.5,7897.0,2848.0,0.0,25.5,2980.5,,,,,1824.5,0.0,0.0,1861.5,305.0,2237.0,439.0
,,,7302.0,0.0,3251.5,10519.5,4073.5,0.0,3157.5,7897.0,2848.0,0.0,25.5,2980.5,,,,,1824.5,0.0,0.0,1861.5,305.0,2237.0,439.0
,,,7302.0,0.0,3251.5,10519.5,4073.5,0.0,3157.5,7897.0,2848.0,0.0,25.5,2980.5,,,,,1824.5,0.0,0.0,1861.5,305.0,2237.0,439.0
,,,7302.0,0.0,3251.5,10519.5,4073.5,0.0,3157.5,7897.0,2848.0,0.0,25.5,2980.5,,,,,1824.5,0.0,0.0,1861.5,305.0,2237.0,439.0
,,,7302.0,0.0,3251.5,10519.5,4073.5,0.0,3157.5,7897.0,2848.0,0.0,25.5,2980.5,,,,,1824.5,0.0,0.0,1861.5,305.0,2237.0,439.0
,,,7302.0,0.0,3251.5,10519.5,4073.5,0.0,3157.5,7897.0,2848.0,0.0,25.5,2980.5,,,,,1824.5,0.0,0.0,1861.5,305.0,2237.0,439.0
,,,7302.0,0.0,3251.5,10519.5,4073.5,0.0,3157.5,7897.0,2848.0,0.0,25.5,2980.5,,,,,1824.5,0.0,0.0,1861.5,305.0,2237.0,439.0
,,,7302.0,0.0,3251.5,10519.5,4073.5,0.0,3157.5,7897.0,2848.0,0.0,25.5,2980.5,,,,,1824.5,0.0,0.0,1861.5,305.0,2237.0,439.0
